{"stats":{"minecraft:picked_up":{"minecraft:dirt":1},"minecraft:mined":{"minecraft:grass":1,"minecraft:grass_block":1},"minecraft:custom":{"minecraft:jump":56,"minecraft:time_since_rest":105,"minecraft:leave_game":1,"minecraft:deaths":1,"minecraft:damage_dealt":45,"minecraft:sprint_one_cm":3456,"minecraft:play_time":2421,"minecraft:damage_taken":244,"minecraft:time_since_death":73,"minecraft:walk_one_cm":1769,"minecraft:sneak_time":8,"minecraft:total_world_time":2421,"minecraft:fall_one_cm":2469,"minecraft:fly_one_cm":13545},"minecraft:used":{"minecraft:dirt":1},"minecraft:killed_by":{"minecraft:iron_golem":1}},"DataVersion":2975}