{"stats":{"minecraft:used":{"alexsmobs:animal_dictionary":1},"minecraft:custom":{"minecraft:jump":74,"minecraft:open_chest":2,"minecraft:time_since_rest":2474,"minecraft:crouch_one_cm":27,"minecraft:sprint_one_cm":10333,"minecraft:play_time":5460,"minecraft:time_since_death":5460,"minecraft:walk_one_cm":6162,"minecraft:sleep_in_bed":1,"minecraft:sneak_time":11,"minecraft:total_world_time":5460,"minecraft:fall_one_cm":2829,"minecraft:fly_one_cm":14405},"minecraft:mined":{"minecraft:grass":2}},"DataVersion":2975}