{"stats":{"minecraft:mined":{"minecraft:iron_ore":6,"minecraft:torch":1,"minecraft:grass":8,"minecraft:oak_log":12,"chococraft:gysahl_green":1,"minecraft:coal_ore":12,"minecraft:gravel":1,"minecraft:dirt":4,"minecraft:iron_block":1,"minecraft:stone":19,"minecraft:oak_leaves":5},"minecraft:picked_up":{"minecraft:golden_helmet":4,"minecraft:raw_iron":6,"minecraft:golden_leggings":4,"minecraft:torch":1,"minecraft:gravel":1,"minecraft:oak_log":12,"chococraft:gysahl_green_seeds":1,"minecraft:dirt":4,"minecraft:string":2,"minecraft:item_frame":1,"minecraft:armor_stand":2,"minecraft:experience_bottle":1,"minecraft:wheat_seeds":2,"minecraft:iron_block":1,"minecraft:stone_pickaxe":1,"minecraft:coal":12,"minecraft:cobblestone":19},"minecraft:killed_by":{"minecraft:skeleton":1},"minecraft:dropped":{"minecraft:stone_pickaxe":2},"minecraft:killed":{"minecraft:cave_spider":1},"minecraft:custom":{"minecraft:time_since_rest":2426,"minecraft:sprint_one_cm":52000,"minecraft:damage_taken":426,"minecraft:walk_one_cm":28246,"minecraft:mob_kills":1,"minecraft:drop":2,"minecraft:damage_dealt":211,"minecraft:interact_with_crafting_table":2,"minecraft:fly_one_cm":80618,"minecraft:open_chest":4,"minecraft:play_time":24702,"minecraft:crouch_one_cm":1781,"minecraft:deaths":1,"minecraft:sneak_time":1050,"minecraft:jump":415,"minecraft:leave_game":6,"minecraft:time_since_death":2402,"minecraft:sleep_in_bed":2,"minecraft:total_world_time":24702,"minecraft:fall_one_cm":24649},"minecraft:crafted":{"minecraft:oak_planks":24,"minecraft:crafting_table":1,"minecraft:stick":8,"minecraft:wooden_pickaxe":1,"minecraft:stone_pickaxe":1,"minecraft:torch":4,"minecraft:stone_axe":1},"minecraft:used":{"minecraft:golden_boots":1,"minecraft:oak_log":2,"minecraft:apple":4,"minecraft:stone_pickaxe":40,"minecraft:bread":3,"carryon:entity_item":4,"minecraft:wooden_pickaxe":11,"minecraft:torch":1,"carryon:tile_item":1,"minecraft:stone_axe":9,"minecraft:dirt":4,"minecraft:crafting_table":1,"alexsmobs:animal_dictionary":1}},"DataVersion":2975}