{"stats":{"minecraft:picked_up":{"iammusicplayer:cassette_tape":1,"mca:book_romance":1,"iammusicplayer:boombox":2,"alexsmobs:animal_dictionary":1},"minecraft:dropped":{"mca:book_romance":1,"iammusicplayer:boombox":1,"alexsmobs:animal_dictionary":1},"minecraft:custom":{"minecraft:time_since_rest":42351,"minecraft:open_chest":2,"minecraft:crouch_one_cm":222,"minecraft:sprint_one_cm":7817,"minecraft:play_time":47870,"minecraft:walk_one_cm":7672,"minecraft:sneak_time":615,"minecraft:drop":3,"minecraft:jump":31,"minecraft:leave_game":2,"minecraft:time_since_death":47870,"minecraft:sleep_in_bed":1,"minecraft:total_world_time":47870,"minecraft:fall_one_cm":211,"minecraft:fly_one_cm":107659},"minecraft:used":{"iammusicplayer:boombox":1,"iammusicplayer:cassette_deck":1,"alexsmobs:animal_dictionary":1}},"DataVersion":2975}