{"stats":{"minecraft:used":{"minecraft:rose_bush":1,"minecraft:lantern":1,"iammusicplayer:cassette_deck":1,"minecraft:bread":5,"iammusicplayer:boombox":1,"minecraft:white_bed":1,"alexsmobs:animal_dictionary":1},"minecraft:picked_up":{"chococraft:loverly_gysahl_green":2,"minecraft:wheat":1,"chococraft:gysahl_green_seeds":8,"minecraft:white_bed":2,"iammusicplayer:cassette_tape":1,"mca:book_romance":1,"alexsmobs:animal_dictionary":1,"minecraft:lantern":1,"chococraft:gysahl_green":23,"chococraft:gold_gysahl":1,"minecraft:wheat_seeds":2,"minecraft:hay_block":13,"minecraft:rose_bush":1,"minecraft:iron_pickaxe":1,"iammusicplayer:boombox":2},"minecraft:dropped":{"mca:book_romance":1,"minecraft:wheat_seeds":2,"alexsmobs:animal_dictionary":1,"iammusicplayer:boombox":1},"minecraft:custom":{"minecraft:time_since_rest":5942,"minecraft:sprint_one_cm":83238,"minecraft:damage_taken":115,"minecraft:walk_one_cm":24624,"minecraft:drop":5,"minecraft:swim_one_cm":652,"minecraft:interact_with_crafting_table":2,"minecraft:fly_one_cm":199117,"minecraft:open_chest":6,"minecraft:crouch_one_cm":1292,"minecraft:play_time":67581,"minecraft:sneak_time":957,"minecraft:walk_under_water_one_cm":69,"minecraft:jump":355,"minecraft:walk_on_water_one_cm":110,"minecraft:leave_game":3,"minecraft:time_since_death":67581,"minecraft:sleep_in_bed":2,"minecraft:total_world_time":67581,"minecraft:fall_one_cm":11319},"minecraft:crafted":{"minecraft:bread":39,"minecraft:wheat":117},"minecraft:mined":{"minecraft:hay_block":13,"minecraft:white_bed":2,"minecraft:grass":9,"chococraft:gysahl_green":8,"minecraft:rose_bush":1,"minecraft:tall_grass":4}},"DataVersion":2975}