{"stats":{"minecraft:mined":{"minecraft:white_bed":3,"minecraft:crafting_table":2,"minecraft:torch":4,"minecraft:rose_bush":1,"minecraft:tall_grass":4,"minecraft:oak_planks":3,"minecraft:wall_torch":1,"minecraft:spawner":1,"minecraft:hay_block":13,"minecraft:furnace":1,"minecraft:iron_ore":18,"minecraft:grass":9,"chococraft:gysahl_green":8,"minecraft:oak_log":4,"minecraft:coal_ore":14,"minecraft:cobweb":1,"minecraft:stone":18},"minecraft:picked_up":{"chococraft:loverly_gysahl_green":2,"minecraft:crafting_table":2,"minecraft:wheat":3,"paraglider:spirit_orb":2,"minecraft:oak_log":4,"mca:book_romance":1,"minecraft:string":3,"minecraft:lantern":1,"minecraft:bone":2,"chococraft:gysahl_green":23,"chococraft:gold_gysahl":1,"minecraft:wheat_seeds":12,"minecraft:rose_bush":1,"minecraft:iron_pickaxe":1,"minecraft:oak_planks":3,"minecraft:furnace":1,"minecraft:egg":1,"minecraft:raw_iron":19,"minecraft:torch":4,"chococraft:gysahl_green_seeds":8,"minecraft:white_bed":3,"iammusicplayer:cassette_tape":1,"alexsmobs:animal_dictionary":1,"minecraft:arrow":2,"artifacts:lucky_scarf":1,"minecraft:rotten_flesh":7,"artifacts:golden_hook":1,"minecraft:hay_block":13,"minecraft:bread":2,"iammusicplayer:boombox":2,"minecraft:coal":24,"minecraft:cobblestone":18},"minecraft:killed_by":{"artifacts:mimic":1,"minecraft:zombie":1},"minecraft:broken":{"minecraft:shield":1},"minecraft:dropped":{"minecraft:wheat_seeds":2,"alexsmobs:animal_dictionary":1,"iammusicplayer:boombox":1,"mca:book_romance":1},"minecraft:killed":{"minecraft:cave_spider":1,"minecraft:spider":1,"minecraft:skeleton":2,"minecraft:zombie":2,"artifacts:mimic":2},"minecraft:custom":{"minecraft:interact_with_furnace":13,"minecraft:mob_kills":9,"minecraft:interact_with_crafting_table":11,"minecraft:open_barrel":2,"minecraft:leave_game":4,"minecraft:time_since_death":3023,"minecraft:sleep_in_bed":3,"minecraft:time_since_rest":3051,"minecraft:sprint_one_cm":141000,"minecraft:damage_taken":1778,"minecraft:walk_one_cm":63403,"minecraft:damage_blocked_by_shield":1185,"minecraft:drop":5,"minecraft:damage_dealt":2231,"minecraft:swim_one_cm":1037,"minecraft:fly_one_cm":265440,"minecraft:open_chest":6,"minecraft:crouch_one_cm":4839,"minecraft:play_time":97568,"tombstone:undead_killed":4,"minecraft:deaths":2,"minecraft:sneak_time":2216,"minecraft:walk_under_water_one_cm":115,"minecraft:jump":657,"minecraft:walk_on_water_one_cm":2509,"minecraft:total_world_time":97568,"minecraft:fall_one_cm":23779},"minecraft:crafted":{"minecraft:oak_planks":16,"minecraft:crafting_table":2,"minecraft:iron_helmet":1,"minecraft:furnace":1,"minecraft:stone_axe":1,"minecraft:bread":39,"minecraft:air":0,"minecraft:iron_boots":1,"minecraft:iron_chestplate":1,"minecraft:shield":1,"minecraft:stick":8,"minecraft:iron_ingot":15,"minecraft:stone_sword":1,"minecraft:torch":8,"minecraft:wheat":117},"minecraft:used":{"minecraft:rose_bush":1,"minecraft:stone_sword":47,"iammusicplayer:cassette_deck":1,"minecraft:shield":49,"minecraft:torch":9,"iammusicplayer:boombox":1,"minecraft:crafting_table":3,"minecraft:white_bed":3,"minecraft:apple":1,"minecraft:lantern":1,"minecraft:bread":25,"minecraft:iron_pickaxe":56,"tombstone:grave_key":1,"minecraft:iron_boots":1,"minecraft:stone_axe":7,"minecraft:cobblestone":3,"minecraft:furnace":1,"tombstone:gift":2,"minecraft:egg":1,"alexsmobs:animal_dictionary":1}},"DataVersion":2975}