{"stats":{"minecraft:mined":{"minecraft:hay_block":13,"minecraft:white_bed":3,"minecraft:iron_ore":11,"minecraft:crafting_table":1,"minecraft:grass":9,"chococraft:gysahl_green":8,"minecraft:oak_log":4,"minecraft:rose_bush":1,"minecraft:tall_grass":4,"minecraft:stone":16},"minecraft:picked_up":{"minecraft:raw_iron":11,"minecraft:crafting_table":1,"chococraft:loverly_gysahl_green":2,"minecraft:wheat":1,"minecraft:oak_log":4,"chococraft:gysahl_green_seeds":8,"minecraft:white_bed":3,"iammusicplayer:cassette_tape":1,"mca:book_romance":1,"alexsmobs:animal_dictionary":1,"minecraft:lantern":1,"minecraft:rotten_flesh":3,"chococraft:gysahl_green":23,"chococraft:gold_gysahl":1,"minecraft:wheat_seeds":2,"minecraft:hay_block":13,"minecraft:rose_bush":1,"minecraft:iron_pickaxe":1,"iammusicplayer:boombox":2,"minecraft:cobblestone":16,"minecraft:egg":1},"minecraft:killed_by":{"minecraft:zombie":1},"minecraft:dropped":{"mca:book_romance":1,"minecraft:wheat_seeds":2,"alexsmobs:animal_dictionary":1,"iammusicplayer:boombox":1},"minecraft:killed":{"minecraft:zombie":1},"minecraft:custom":{"minecraft:time_since_rest":8441,"minecraft:sprint_one_cm":100468,"minecraft:damage_taken":892,"minecraft:walk_one_cm":34888,"minecraft:mob_kills":2,"minecraft:drop":5,"minecraft:damage_dealt":237,"minecraft:swim_one_cm":652,"minecraft:interact_with_crafting_table":3,"minecraft:fly_one_cm":221039,"minecraft:open_chest":6,"minecraft:crouch_one_cm":2817,"minecraft:play_time":85060,"tombstone:undead_killed":1,"minecraft:deaths":1,"minecraft:sneak_time":1641,"minecraft:walk_under_water_one_cm":69,"minecraft:jump":461,"minecraft:leave_game":3,"minecraft:walk_on_water_one_cm":905,"minecraft:time_since_death":9014,"minecraft:sleep_in_bed":3,"minecraft:total_world_time":85060,"minecraft:fall_one_cm":19061},"minecraft:crafted":{"minecraft:oak_planks":16,"minecraft:crafting_table":1,"minecraft:stick":8,"minecraft:stone_sword":1,"minecraft:stone_axe":1,"minecraft:bread":39,"minecraft:wheat":117},"minecraft:used":{"minecraft:stone_sword":5,"minecraft:rose_bush":1,"minecraft:apple":1,"minecraft:lantern":1,"iammusicplayer:cassette_deck":1,"minecraft:bread":12,"minecraft:iron_pickaxe":31,"minecraft:stone_axe":1,"iammusicplayer:boombox":1,"minecraft:crafting_table":1,"tombstone:gift":2,"alexsmobs:animal_dictionary":1,"minecraft:white_bed":2,"minecraft:egg":1}},"DataVersion":2975}