{"stats":{"minecraft:picked_up":{"iammusicplayer:cassette_tape":1,"mca:book_romance":1,"iammusicplayer:boombox":2,"alexsmobs:animal_dictionary":1},"minecraft:dropped":{"mca:book_romance":1,"iammusicplayer:boombox":1,"alexsmobs:animal_dictionary":1},"minecraft:custom":{"minecraft:time_since_rest":32510,"minecraft:open_chest":2,"minecraft:crouch_one_cm":138,"minecraft:sprint_one_cm":5420,"minecraft:play_time":38029,"minecraft:walk_one_cm":6210,"minecraft:sneak_time":437,"minecraft:drop":3,"minecraft:jump":20,"minecraft:leave_game":1,"minecraft:time_since_death":38029,"minecraft:sleep_in_bed":1,"minecraft:total_world_time":38029,"minecraft:fall_one_cm":211,"minecraft:fly_one_cm":73667},"minecraft:used":{"iammusicplayer:boombox":1,"iammusicplayer:cassette_deck":1,"alexsmobs:animal_dictionary":1}},"DataVersion":2975}