{
  "tombstone:adventure/halloween": {
    "criteria": {
      "coded_trigger": "2024-11-02 00:31:43 +0000"
    },
    "done": true
  },
  "tombstone:adventure/enchant_grave_key": {
    "criteria": {
      "has_upgraded_grave_key": "2024-11-02 00:34:19 +0000"
    },
    "done": true
  },
  "tombstone:recipes/from_grave_key": {
    "criteria": {
      "has_ingredient": "2024-11-02 00:34:19 +0000"
    },
    "done": true
  },
  "create:root": {
    "criteria": {
      "0": "2024-11-02 00:31:43 +0000"
    },
    "done": true
  },
  "minecraft:adventure/root": {
    "criteria": {
      "killed_by_something": "2024-11-02 00:34:18 +0000"
    },
    "done": true
  },
  "tombstone:adventure/root": {
    "criteria": {
      "auto": "2024-11-02 00:31:43 +0000"
    },
    "done": true
  },
  "minecraft:adventure/adventuring_time": {
    "criteria": {
      "minecraft:taiga": "2024-11-02 00:31:43 +0000",
      "minecraft:plains": "2024-11-02 00:33:21 +0000"
    },
    "done": false
  },
  "tombstone:adventure/first_grave": {
    "criteria": {
      "coded_trigger": "2024-11-02 00:34:18 +0000"
    },
    "done": true
  },
  "mca:root": {
    "criteria": {
      "village_plains": "2024-11-02 00:33:21 +0000"
    },
    "done": true
  },
  "DataVersion": 2975
}